Metric,Best,Average,Std Dev
Training MSE,4.481487363214979,5.30604244086465,0.8660021155083982
Test MSE,2.9653814564578984,4.78693185620603,1.2614791178286324
